nome,idade,senha,email,dataRegistro
EdsonTorres936,80678582,37,EdsonTorres936@yahoo.com.br,1557734682
Samuellourdes700,12165662,32,Samuellourdes700@gmail.com,1617227209
HeloisaFigueiredo231,48501486,43,HeloisaFigueiredo231@hotmail.com,1581115508
GaelNonato32,37641253,19,GaelNonato32@outlook.com,1514378402
Vítoroliveira569,25625002,28,Vítoroliveira569@yahoo.com.br,1636300351
RenataPorto332,86207604,12,RenataPorto332@uol.com.br,1520199883
LuanaPimentel268,73135358,21,LuanaPimentel268@protonmail.br,1486403496
ÍgorCampos22,61205764,45,ÍgorCampos22@gmail.com,1634467623
SamuelPorto872,20146124,19,SamuelPorto872@protonmail.br,1697435864
Larissanascimento498,25293289,44,Larissanascimento498@outlook.com,1663120784
HelenaSampaio686,42210833,40,HelenaSampaio686@outlook.com,1626066779
DouglasPinheiro4,32830919,15,DouglasPinheiro4@gmail.com,1540848140
GaelSanches456,39437871,44,GaelSanches456@uol.com.br,1679298349
LauraCarvalho998,37956235,26,LauraCarvalho998@hotmail.com,1666337605
Vítorazevedo804,28766207,17,Vítorazevedo804@uol.com.br,1552762158
LauraRabelo706,65343295,29,LauraRabelo706@outlook.com,1492050646
João MiguelSimoes319,96961141,31,João MiguelSimoes319@gmail.com,1622436737
RenatoGomes668,11730420,38,RenatoGomes668@hotmail.com,1663422677
FlávioCabral903,95250677,43,FlávioCabral903@uol.com.br,1506569957
ManoelFerreira563,67978318,33,ManoelFerreira563@hotmail.com,1557409883
DiegoVaz44,58480776,11,DiegoVaz44@gmail.com,1582203993
Natália326Xavier814,88011509,16,Natália326Xavier814@yahoo.com.br,1523104394
BeatrizCaetano418,72487533,13,BeatrizCaetano418@hotmail.com,1647690993
Mateusandrade197,96581049,20,Mateusandrade197@outlook.com,1487574246
MaiteSántos770,42232101,42,MaiteSántos770@yahoo.com.br,1608432032
RosângelaFerraz852,76101800,10,RosângelaFerraz852@yahoo.com.br,1504177838
BernardoAlmeida805,65280604,37,BernardoAlmeida805@protonmail.br,1644268071
DouglasPassos200,11579809,45,DouglasPassos200@protonmail.br,1616947855
João MiguelMoreira525,94573796,10,João MiguelMoreira525@uol.com.br,1503879783
LarissaLins179,14714119,12,LarissaLins179@protonmail.br,1598718925
BeatrizSanches699,96993999,35,BeatrizSanches699@gmail.com,1594697897
FernandoLeal215,56129186,35,FernandoLeal215@protonmail.br,1493084416
AliceLins145,33151238,39,AliceLins145@yahoo.com.br,1693115050
RenatoBarros156,58149537,28,RenatoBarros156@yahoo.com.br,1643599007
GaelMatias222,61419072,29,GaelMatias222@protonmail.br,1484099147
JorgeAssis738,34643085,22,JorgeAssis738@uol.com.br,1641700513
ViníciusFeitosa402,48918926,40,ViníciusFeitosa402@gmail.com,1677107573
JúlioRodriguês460,42411838,31,JúlioRodriguês460@uol.com.br,1626681766
Josefaamaral115,19370948,36,Josefaamaral115@protonmail.br,1486076511
TulioAbreu262,84941154,43,TulioAbreu262@uol.com.br,1690362691
RosângelaMota442,71581639,38,RosângelaMota442@gmail.com,1587768835
HelenaLins1,95039993,21,HelenaLins1@yahoo.com.br,1674536051
CarlaMoura848,91526005,15,CarlaMoura848@yahoo.com.br,1695730816
ÍgorNogueira733,17891806,25,ÍgorNogueira733@outlook.com,1642795077
AlexOliveira649,61657359,37,AlexOliveira649@yahoo.com.br,1508306686
SebastiãoCarneiro877,81629415,12,SebastiãoCarneiro877@yahoo.com.br,1568119481
JosefaFerreira327,76412350,16,JosefaFerreira327@gmail.com,1582703085
SérgioMessias832,46407290,37,SérgioMessias832@gmail.com,1617450840
DouglasFaria275,68125836,29,DouglasFaria275@protonmail.br,1506241348
Viníciuscastro525,81724782,33,Viníciuscastro525@uol.com.br,1550073490
Maria AliceGonzaga691,15472634,44,Maria AliceGonzaga691@uol.com.br,1659778805
Arthuroliveira536,90131616,31,Arthuroliveira536@gmail.com,1615744155
LarissaPedroso603,69304633,43,LarissaPedroso603@outlook.com,1584727956
HeloisaDantas727,30848772,27,HeloisaDantas727@protonmail.br,1510016416
VeraBueno285,50605658,36,VeraBueno285@hotmail.com,1503353877
SebastiãoCosta674,17845250,11,SebastiãoCosta674@gmail.com,1516459769
Luanasouza576,68311624,24,Luanasouza576@protonmail.br,1610761328
GuilhermeFonseca138,89648947,18,GuilhermeFonseca138@hotmail.com,1646378794
AlicePrado377,68833896,36,AlicePrado377@gmail.com,1641031130
LuanaCruz936,84901931,35,LuanaCruz936@gmail.com,1596527544
RenataMoraes164,11845417,16,RenataMoraes164@hotmail.com,1659208161
TiagoSousa600,97967183,30,TiagoSousa600@outlook.com,1638471383
LuanaNeves537,32274425,11,LuanaNeves537@uol.com.br,1493004799
Cláudiosousa263,10605605,36,Cláudiosousa263@protonmail.br,1537487128
MaiteRezende428,16014168,42,MaiteRezende428@uol.com.br,1489802756
LauraBernardes580,65214682,41,LauraBernardes580@uol.com.br,1520623633
Alexandreluz857,63644353,33,Alexandreluz857@uol.com.br,1577325397
ThiagoNeves204,85737951,16,ThiagoNeves204@hotmail.com,1497992134
LucianoGomes46,73466220,40,LucianoGomes46@gmail.com,1652136180
LarissaGarcia875,57765597,32,LarissaGarcia875@yahoo.com.br,1652972849
Josefaalmeida387,44231144,15,Josefaalmeida387@gmail.com,1637531969
Natália326Pontes910,53208980,42,Natália326Pontes910@uol.com.br,1688203956
VítorCerqueira590,54993216,25,VítorCerqueira590@hotmail.com,1494401853
CarlaBraz261,44905342,25,CarlaBraz261@hotmail.com,1547425479
GabrielChagas431,21662599,37,GabrielChagas431@protonmail.br,1612624381
ÍgorMelo590,16012434,14,ÍgorMelo590@outlook.com,1663861741
GabrielSilva479,61906415,12,GabrielSilva479@hotmail.com,1660096883
GabrielFilho917,56050026,14,GabrielFilho917@protonmail.br,1630842872
CláudioFranca598,68181839,36,CláudioFranca598@protonmail.br,1563765303
MiguelNogueira958,91228650,40,MiguelNogueira958@uol.com.br,1507170999
ThiagoNunes616,58669316,29,ThiagoNunes616@outlook.com,1698079900
AdrianoFerreira796,85627808,30,AdrianoFerreira796@gmail.com,1519202058
LeonardoBezerra73,30747060,17,LeonardoBezerra73@outlook.com,1669686102
Edsonsantana588,63970919,45,Edsonsantana588@yahoo.com.br,1570829720
ManoelBastos179,56725184,14,ManoelBastos179@protonmail.br,1604456350
MaiteCaetano628,78503605,22,MaiteCaetano628@protonmail.br,1618983626
RonaldoGonzaga728,50883656,36,RonaldoGonzaga728@protonmail.br,1575197206
RenataTorres747,88270122,17,RenataTorres747@gmail.com,1612140262
LeonardoTorres265,56932635,28,LeonardoTorres265@outlook.com,1629256372
ÍgorSampaio889,87904054,12,ÍgorSampaio889@protonmail.br,1507125321
LarissaRoque511,95127989,26,LarissaRoque511@yahoo.com.br,1697170369
FábioBatista3,73709293,45,FábioBatista3@uol.com.br,1591969771
DavíCoelho415,19271688,37,DavíCoelho415@yahoo.com.br,1544325448
ViníciusSiqueira351,34933769,30,ViníciusSiqueira351@yahoo.com.br,1516878799
JosefaCastro766,34948915,13,JosefaCastro766@yahoo.com.br,1658289990
GuilhermeTeixeira633,60764750,44,GuilhermeTeixeira633@outlook.com,1501951172
ManoelTorres291,59211905,38,ManoelTorres291@protonmail.br,1547488201
RaviCardoso742,22687070,38,RaviCardoso742@hotmail.com,1684643921
RogérioBorges461,26612862,35,RogérioBorges461@protonmail.br,1592015060
LauraNunes648,37400447,16,LauraNunes648@uol.com.br,1489147728
VeraPacheco620,13970120,26,VeraPacheco620@gmail.com,1646136101
BeatrizMaia268,44801314,22,BeatrizMaia268@hotmail.com,1574284582
FernandoBorges686,69183214,25,FernandoBorges686@protonmail.br,1678495520
ArthurPedroso866,88300650,21,ArthurPedroso866@uol.com.br,1531351191
HeitorLisboa632,68171896,28,HeitorLisboa632@protonmail.br,1527635864
ViníciusMarinho331,93885555,12,ViníciusMarinho331@gmail.com,1583254882
SérgioLira428,96227989,20,SérgioLira428@gmail.com,1504528194
AlexandreFerraz115,87629081,36,AlexandreFerraz115@outlook.com,1640683561
BernardoAzevedo327,99056350,23,BernardoAzevedo327@protonmail.br,1570218148
Mateusalmeida489,11026524,16,Mateusalmeida489@outlook.com,1498650199
LarissaPaiva963,17342652,44,LarissaPaiva963@gmail.com,1642757999
BeatrizAndrade23,62123303,27,BeatrizAndrade23@outlook.com,1625224310
Manuellourdes71,69662777,38,Manuellourdes71@gmail.com,1617235138
MaiteMesquita410,13007690,43,MaiteMesquita410@uol.com.br,1594165258
Veralourdes23,80946853,33,Veralourdes23@gmail.com,1674239776
Gabrielsousa791,65873695,11,Gabrielsousa791@hotmail.com,1593547269
GustavoTavares173,24039691,35,GustavoTavares173@outlook.com,1691438403
LuanaFarias880,78446607,18,LuanaFarias880@outlook.com,1656845327
LuanaAlbuquerque402,61518964,33,LuanaAlbuquerque402@hotmail.com,1564822128
TiagoDias245,74219651,45,TiagoDias245@protonmail.br,1576932117
Manoelmorais609,87783489,32,Manoelmorais609@gmail.com,1568238420
Sérgiocampos265,22821138,40,Sérgiocampos265@gmail.com,1489979835
MárioTeles429,37151326,13,MárioTeles429@yahoo.com.br,1693103654
RogérioAraujo374,77067138,36,RogérioAraujo374@gmail.com,1573964378
MiguelCordeiro154,35336539,42,MiguelCordeiro154@uol.com.br,1496949941
MiguelFonseca600,26103832,32,MiguelFonseca600@protonmail.br,1643179799
Diegocruz812,37961689,12,Diegocruz812@uol.com.br,1669761658
FábioLacerda138,59219986,40,FábioLacerda138@uol.com.br,1522862789
ManuelAlves946,12885656,35,ManuelAlves946@gmail.com,1601672075
AdrianoAguiar946,96098139,20,AdrianoAguiar946@uol.com.br,1530872476
RicardoCaetano61,80367650,30,RicardoCaetano61@yahoo.com.br,1624130100
ViníciusMoreira662,28631032,23,ViníciusMoreira662@yahoo.com.br,1606470200
Gabrielarocha920,99830776,13,Gabrielarocha920@uol.com.br,1599722541
GustavoPinheiro701,41707712,21,GustavoPinheiro701@uol.com.br,1674504341
FábioGomes225,84437969,12,FábioGomes225@uol.com.br,1606358392
LauraTorres432,39039080,21,LauraTorres432@hotmail.com,1666708414
ÍgorVasconcelos425,74456390,44,ÍgorVasconcelos425@yahoo.com.br,1638772809
EdsonDutra834,68043438,10,EdsonDutra834@uol.com.br,1530681033
RicardoBatista200,89062454,37,RicardoBatista200@outlook.com,1569823106
Arthurmorais647,64034206,14,Arthurmorais647@outlook.com,1627491461
RenataMessias580,74325053,34,RenataMessias580@yahoo.com.br,1595223270
AdrianoPacheco452,64286957,27,AdrianoPacheco452@uol.com.br,1600254719
CláudioChagas949,17005250,34,CláudioChagas949@hotmail.com,1614771765
VítorAlmeida561,63677248,35,VítorAlmeida561@uol.com.br,1680120984
AlexandreQueiroz539,22310150,33,AlexandreQueiroz539@gmail.com,1658236602
RitaBraz970,72444794,11,RitaBraz970@protonmail.br,1597087313
ManoelMaciel964,50863692,18,ManoelMaciel964@hotmail.com,1655460108
RobertoFranco924,65117536,45,RobertoFranco924@uol.com.br,1513788511
GabrielaFreire179,99886564,17,GabrielaFreire179@outlook.com,1615909844
LarissaMesquita45,88389110,13,LarissaMesquita45@hotmail.com,1627377248
CeciliaPedroso45,56162996,33,CeciliaPedroso45@yahoo.com.br,1600165397
ManoelCunha867,22089118,31,ManoelCunha867@uol.com.br,1536001660
ManuelMuniz780,81561446,39,ManuelMuniz780@hotmail.com,1515338429
RogérioDias842,64848934,37,RogérioDias842@uol.com.br,1634717324
FernandoAmaral291,93443603,37,FernandoAmaral291@hotmail.com,1652400091
CarlaChaves457,53771552,10,CarlaChaves457@gmail.com,1550789661
GustavoSouza163,64727850,43,GustavoSouza163@yahoo.com.br,1697967263
RaviFerreira618,41094653,16,RaviFerreira618@outlook.com,1545514371
Rosângelasilva746,52777368,34,Rosângelasilva746@yahoo.com.br,1590979689
SérgioBezerra148,49518672,27,SérgioBezerra148@protonmail.br,1699938438
MaiteBatista51,17006254,20,MaiteBatista51@outlook.com,1664574916
RenataFonseca527,93520263,45,RenataFonseca527@yahoo.com.br,1500636559
RenatoNeto320,68439234,41,RenatoNeto320@yahoo.com.br,1628397130
GabrielMatias566,23305586,20,GabrielMatias566@outlook.com,1627199735
SebastiãoCarvalho867,21052478,43,SebastiãoCarvalho867@yahoo.com.br,1602626308
SamuelMonteiro873,99722749,42,SamuelMonteiro873@uol.com.br,1485671419
SamuelQueiroz142,29687129,35,SamuelQueiroz142@protonmail.br,1546427406
RenataMarinho484,52304215,21,RenataMarinho484@hotmail.com,1491588327
SamuelMarinho960,11085907,30,SamuelMarinho960@uol.com.br,1573809031
RaviTeixeira249,60124142,34,RaviTeixeira249@outlook.com,1692857199
Beatrizreis312,16830433,27,Beatrizreis312@outlook.com,1483989118
RaviNogueira85,11244381,19,RaviNogueira85@hotmail.com,1651879638
GustavoSanches447,32445676,22,GustavoSanches447@gmail.com,1665445973
ViníciusFaria735,58999722,27,ViníciusFaria735@hotmail.com,1674650979
RenatoRibeiro464,36374645,39,RenatoRibeiro464@gmail.com,1500562763
Heloisaluz471,31576307,26,Heloisaluz471@protonmail.br,1495376683
ManuelBarroso66,51013195,42,ManuelBarroso66@yahoo.com.br,1613099276
Douglasrocha338,31247727,45,Douglasrocha338@yahoo.com.br,1539472831
GabrielCarneiro243,31631784,31,GabrielCarneiro243@outlook.com,1638930371
HeitorAparecido645,53582760,20,HeitorAparecido645@protonmail.br,1530463016
Guilhermelima158,28099518,21,Guilhermelima158@uol.com.br,1687127553
Cláudioandrade479,80805293,27,Cláudioandrade479@outlook.com,1600336252
VeraMacedo324,80414957,29,VeraMacedo324@hotmail.com,1520697516
RitaArruda229,65014885,16,RitaArruda229@yahoo.com.br,1678178200
Beatrizamaral853,21536494,22,Beatrizamaral853@uol.com.br,1698983898
RogérioFeitosa273,91496994,41,RogérioFeitosa273@yahoo.com.br,1568718921
ManoelMatias122,34758007,30,ManoelMatias122@gmail.com,1528478440
CeciliaEvangelista935,37401195,19,CeciliaEvangelista935@hotmail.com,1505000390
VeraDos anjos230,39672406,39,VeraDos anjos230@hotmail.com,1510900017
HelenaBarros51,53061620,19,HelenaBarros51@uol.com.br,1508189454
FlávioCruz509,45392311,13,FlávioCruz509@yahoo.com.br,1550182097
Natália326Freitas166,93372286,19,Natália326Freitas166@outlook.com,1495942001
FlávioDos anjos406,44061020,40,FlávioDos anjos406@gmail.com,1672197972
Renatamoura690,17240233,23,Renatamoura690@outlook.com,1649602597
HelenaVieira841,78830601,37,HelenaVieira841@protonmail.br,1555859221
João MiguelFonseca880,41644201,41,João MiguelFonseca880@gmail.com,1607641294
Lucianosilva889,96488632,21,Lucianosilva889@protonmail.br,1559944214
Maria CeciliaMorais98,89568905,26,Maria CeciliaMorais98@hotmail.com,1629821155
LuanaDos anjos140,68521183,34,LuanaDos anjos140@yahoo.com.br,1493782157
LauraSilveira606,80093258,44,LauraSilveira606@protonmail.br,1624081232
